country,POP,tcgdp
Argentina,37335.653,295072.21869
Australia,19053.186,541804.6521
India,1006300.297,1728144.3748
Israel,6114.57,129253.89423
Malawi,11801.505,5026.2217836
South Africa,45064.098,227242.36949
United States,282171.957,9898700.0
Uruguay,3219.793,25255.961693
